,Value
0,-0.0016262841890677317
1,0.009675561659087145
2,0.020024479868860013
3,0.028938441833260373
4,0.03594936081508798
5,0.04070144758773393
6,0.04310350307550757
7,0.04353066432865257
8,0.04305089438079454
9,0.043626428676028506
10,0.04821701489331267
11,0.06069990715894699
12,0.08553196697990828
13,0.127119682474189
14,0.18893354368253393
15,0.27249256437378
16,0.37642912487447616
17,0.495892139609853
18,0.6225282427183905
19,0.7451818531985401
20,0.8512878316820507
21,0.92873686376699
22,0.967835556174147
23,0.9629207254091847
24,0.9132533250513963
25,0.8229994961086868
26,0.7003470267224564
27,0.5560236179906712
28,0.4016061120476821
29,0.24800322812697212
30,0.10437539248263825
31,-0.02241867152052429
32,-0.12791770868782348
33,-0.20985649186811006
34,-0.2678358231378647
35,-0.3029787044480168
36,-0.3176127911661677
37,-0.31496346144416
38,-0.2988254302572514
39,-0.27320044687252387
40,-0.24192409444748356
41,-0.2083324746263086
42,-0.17502454961932568
43,-0.14375688068646247
44,-0.11547465592931637
45,-0.09045083107888052
46,-0.0684855140579145
47,-0.04911481051493006
48,-0.031789423817988854
49,-0.01600140908385994
50,-0.0026144334456061425
51,-0.0013990384240544283
52,-0.0007191740074294024
53,-0.0003551346672955536
54,-0.00016846449741354406
55,-7.676811019679758e-05
56,-3.360554885529131e-05
57,-1.4131854301514954e-05
58,-5.708809166081639e-06
59,-2.215390238085712e-06
60,-8.258731767294835e-07
61,-2.957569373220432e-07
62,-1.0174545132114574e-07
63,-3.3624324184429613e-08
64,-1.0674576038056476e-08
65,-3.2554139597131965e-09
66,-9.537187628562614e-10
67,-2.68406453208483e-10
68,-7.256448247049162e-11
69,-1.8845765140860033e-11
70,-4.70177638895998e-12
71,-1.1268566994833599e-12
72,-2.5943820785251736e-13
73,-5.73796248768331e-14
74,-1.2191018721629388e-14
75,-2.488174393115715e-15
76,-4.878430911256964e-16
77,-9.188360497220387e-17
78,-1.66247229963776e-17
79,-2.8895441469142514e-18
80,-4.824616246725436e-19
81,-7.738463534949951e-20
82,-1.192354048204506e-20
83,-1.7648761945656367e-21
84,-2.5094687071346562e-22
85,-3.4277398086505534e-23
86,-4.497720219728904e-24
87,-5.669379770194619e-25
88,-6.86494697837613e-26
89,-7.985412393623084e-27
90,-8.92310567414504e-28
91,-9.578406134084568e-29
92,-9.877089374467598e-30
93,-9.784153196785e-31
94,-9.310564846444059e-32
95,-8.511132252148541e-33
96,-7.474070210697452e-34
97,-6.305006405766014e-35
98,-5.109429552906459e-36
99,-3.977569929411159e-37
100,0.0025182441996911193
101,0.015095494805162894
102,0.02761293145117078
103,0.04002095540260875
104,0.052270401458121174
105,0.06431273276089908
106,0.07610023311974154
107,0.08758619607833534
108,0.09872510998358949
109,0.10947283831971553
110,0.1197867945935035
111,0.12962611107783104
112,0.13895180074478397
113,0.14772691174674743
114,0.15591667383335625
115,0.16348863612414635
116,0.1704127956910012
117,0.1766617164409011
118,0.18221063782791805
119,0.18703757296369938
120,0.19112339573768866
121,0.1944519166018827
122,0.19700994671983627
123,0.19878735022573263
124,0.1997770843864501
125,0.19997522750748747
126,0.19938099447217505
127,0.19799673985259844
128,0.195827948579909
129,0.19288321421098878
130,0.1891742048775849
131,0.18471561705283604
132,0.1795251173183851
133,0.17362327236281844
134,0.16703346748880346
135,0.15978181395183044
136,0.151897045497716
137,0.14341040450882533
138,0.13435551821014488
139,0.12476826542572189
140,0.11468663441343174
141,0.1041505723413858
142,0.09320182700240638
143,0.08188378139376123
144,0.07024128181760797
145,0.05832046018328059
146,0.046168551215524045
147,0.033833705292963805
148,0.021364797658414317
149,0.00881123475700609
150,-0.0037772415305072915
151,-0.016350750983564047
152,-0.02885947268576149
153,-0.04125384243383908
154,-0.053484749129468614
155,-0.06550372937567353
156,-0.07726315950681557
157,-0.08871644429125383
158,-0.09981820155896572
159,-0.11052444202256691
160,-0.12079274357921387
161,-0.13058241940273768
162,-0.13985467915996747
163,-0.14857278271244342
164,-0.15670218569449768
165,-0.164210676390866
166,-0.17106850337147322
167,-0.1772484933776535
168,-0.1827261589926984
169,-0.1874797956701001
170,-0.19149056773503004
171,-0.1947425830182808
172,-0.19722295582694616
173,-0.19892185800232393
174,-0.1998325578627328
175,-0.19995144687693622
176,-0.19927805396248433
177,-0.19781504735231725
178,-0.19556822402223512
179,-0.19254648672112581
180,-0.18876180869496578
181,-0.18422918624437068
182,-0.17896657930368026
183,-0.17299484027702466
184,-0.16633763141335173
185,-0.1590213310478043
186,-0.1510749290809542
187,-0.14252991211004581
188,-0.13342013866739685
189,-0.12378170506031333
190,-0.11365280234410767
191,-0.10307356499494635
192,-0.09208591188214316
193,-0.08073338017002224
194,-0.06906095280749706
195,-0.05711488028891151
196,-0.04494249739239689
197,-0.03259203562189166
198,-0.02011243209600196
199,-0.007553135640954775
200,-5.947907308246446e-239
201,-7.701567177637968e-242
202,-9.579714111862513e-245
203,-1.144681104330494e-247
204,-1.3139383955032392e-250
205,-1.448851978061169e-253
206,-1.5347284963896418e-256
207,-1.5617000371516066e-259
208,-1.5265892815616234e-262
209,-1.4335251661080795e-265
210,-1.2931442078987113e-268
211,-1.1205909760782286e-271
212,-9.328370940421027e-275
213,-7.459728449491905e-278
214,-5.730582301836481e-281
215,-4.2289545189842754e-284
216,-2.9979597607236246e-287
217,-2.0416303297693987e-290
218,-1.3356323913107046e-293
219,-8.393735920132368e-297
220,-5.067364968438895e-300
221,-2.9387834983874493e-303
222,-1.637236902905425e-306
223,-8.7622165461325e-310
224,-4.5047942869e-313
225,-2.2248179e-316
226,-1.0555e-319
227,-5e-323
228,0.0
229,0.0
230,0.0
231,0.0
232,0.0
233,0.0
234,0.0
235,0.0
236,0.0
237,0.0
238,0.0
239,0.0
240,0.0
241,0.0
242,0.0
243,0.0
244,0.0
245,0.0
246,0.0
247,0.0
248,0.0
249,0.0
250,0.0
251,0.0
252,0.0
253,0.0
254,0.0
255,0.0
256,0.0
257,0.0
258,0.0
259,0.0
260,0.0
261,0.0
262,0.0
263,0.0
264,0.0
265,0.0
266,0.0
267,0.0
268,0.0
269,0.0
270,0.0
271,0.0
272,0.0
273,0.0
274,0.0
275,0.0
276,0.0
277,0.0
278,0.0
279,0.0
280,0.0
281,0.0
282,0.0
283,0.0
284,0.0
285,0.0
286,0.0
287,0.0
288,0.0
289,0.0
290,0.0
291,0.0
292,0.0
293,0.0
294,0.0
295,0.0
296,0.0
297,0.0
298,0.0
299,0.0
300,0.0
301,0.0
302,0.0
303,0.0
304,0.0
305,0.0
306,0.0
307,0.0
308,0.0
309,0.0
310,0.0
311,0.0
312,0.0
313,0.0
314,0.0
315,0.0
316,0.0
317,0.0
318,0.0
319,0.0
320,0.0
321,0.0
322,0.0
323,0.0
324,0.0
325,0.0
326,0.0
327,0.0
328,0.0
329,0.0
330,0.0
331,0.0
332,0.0
333,0.0
334,0.0
335,0.0
336,0.0
337,0.0
338,0.0
339,0.0
340,0.0
341,0.0
342,0.0
343,0.0
344,0.0
345,0.0
346,0.0
347,0.0
348,0.0
349,0.0
350,0.0
351,0.0
352,0.0
353,0.0
354,0.0
355,0.0
356,0.0
357,0.0
358,0.0
359,0.0
360,0.0
361,0.0
362,0.0
363,0.0
364,0.0
365,0.0
366,0.0
367,0.0
368,0.0
369,0.0
370,0.0
371,0.0
372,0.0
373,0.0
374,0.0
375,0.0
376,0.0
377,0.0
378,0.0
379,0.0
380,0.0
381,0.0
382,0.0
383,0.0
384,0.0
385,0.0
386,0.0
387,0.0
388,0.0
389,0.0
390,0.0
391,0.0
392,0.0
393,0.0
394,0.0
395,0.0
396,0.0
397,0.0
398,0.0
399,0.0
400,0.0
401,0.0
402,0.0
403,0.0
404,0.0
405,0.0
406,0.0
407,0.0
408,0.0
409,0.0
410,0.0
411,0.0
412,0.0
413,0.0
414,0.0
415,0.0
416,0.0
417,0.0
418,0.0
419,0.0
420,0.0
421,0.0
422,0.0
423,0.0
424,0.0
425,0.0
426,0.0
427,0.0
428,0.0
429,0.0
430,0.0
431,0.0
432,0.0
433,0.0
434,0.0
435,0.0
436,0.0
437,0.0
438,0.0
439,0.0
440,0.0
441,0.0
442,0.0
443,0.0
444,0.0
445,0.0
446,0.0
447,0.0
448,0.0
449,0.0
450,0.0
451,0.0
452,0.0
453,0.0
454,0.0
455,0.0
456,0.0
457,0.0
458,0.0
459,0.0
460,0.0
461,0.0
462,0.0
463,0.0
464,0.0
465,0.0
466,0.0
467,0.0
468,0.0
469,0.0
470,0.0
471,0.0
472,0.0
473,0.0
474,0.0
475,0.0
476,0.0
477,0.0
478,0.0
479,0.0
480,0.0
481,0.0
482,0.0
483,0.0
484,0.0
485,0.0
486,0.0
487,0.0
488,0.0
489,0.0
490,0.0
491,0.0
492,0.0
493,0.0
494,0.0
495,0.0
496,0.0
497,0.0
498,0.0
499,0.0
500,-0.0016262841890677317
501,0.009675561659087145
502,0.020024479868860013
503,0.028938441833260373
504,0.03594936081508798
505,0.04070144758773393
506,0.04310350307550757
507,0.04353066432865257
508,0.04305089438079454
509,0.043626428676028506
510,0.04821701489331267
511,0.06069990715894699
512,0.08553196697990828
513,0.127119682474189
514,0.18893354368253393
515,0.27249256437378
516,0.37642912487447616
517,0.495892139609853
518,0.6225282427183905
519,0.7451818531985401
520,0.8512878316820507
521,0.92873686376699
522,0.967835556174147
523,0.9629207254091847
524,0.9132533250513963
525,0.8229994961086868
526,0.7003470267224564
527,0.5560236179906712
528,0.4016061120476821
529,0.24800322812697212
530,0.10437539248263825
531,-0.02241867152052429
532,-0.12791770868782348
533,-0.20985649186811006
534,-0.2678358231378647
535,-0.3029787044480168
536,-0.3176127911661677
537,-0.31496346144416
538,-0.2988254302572514
539,-0.27320044687252387
540,-0.24192409444748356
541,-0.2083324746263086
542,-0.17502454961932568
543,-0.14375688068646247
544,-0.11547465592931637
545,-0.09045083107888052
546,-0.0684855140579145
547,-0.04911481051493006
548,-0.031789423817988854
549,-0.01600140908385994
550,-0.0026144334456061425
551,-0.0013990384240544283
552,-0.0007191740074294024
553,-0.0003551346672955536
554,-0.00016846449741354406
555,-7.676811019679758e-05
556,-3.360554885529131e-05
557,-1.4131854301514954e-05
558,-5.708809166081639e-06
559,-2.215390238085712e-06
560,-8.258731767294835e-07
561,-2.957569373220432e-07
562,-1.0174545132114574e-07
563,-3.3624324184429613e-08
564,-1.0674576038056476e-08
565,-3.2554139597131965e-09
566,-9.537187628562614e-10
567,-2.68406453208483e-10
568,-7.256448247049162e-11
569,-1.8845765140860033e-11
570,-4.70177638895998e-12
571,-1.1268566994833599e-12
572,-2.5943820785251736e-13
573,-5.73796248768331e-14
574,-1.2191018721629388e-14
575,-2.488174393115715e-15
576,-4.878430911256964e-16
577,-9.188360497220387e-17
578,-1.66247229963776e-17
579,-2.8895441469142514e-18
580,-4.824616246725436e-19
581,-7.738463534949951e-20
582,-1.192354048204506e-20
583,-1.7648761945656367e-21
584,-2.5094687071346562e-22
585,-3.4277398086505534e-23
586,-4.497720219728904e-24
587,-5.669379770194619e-25
588,-6.86494697837613e-26
589,-7.985412393623084e-27
590,-8.92310567414504e-28
591,-9.578406134084568e-29
592,-9.877089374467598e-30
593,-9.784153196785e-31
594,-9.310564846444059e-32
595,-8.511132252148541e-33
596,-7.474070210697452e-34
597,-6.305006405766014e-35
598,-5.109429552906459e-36
599,-3.977569929411159e-37
600,0.0025182441996911193
601,0.015095494805162894
602,0.02761293145117078
603,0.04002095540260875
604,0.052270401458121174
605,0.06431273276089908
606,0.07610023311974154
607,0.08758619607833534
608,0.09872510998358949
609,0.10947283831971553
610,0.1197867945935035
611,0.12962611107783104
612,0.13895180074478397
613,0.14772691174674743
614,0.15591667383335625
615,0.16348863612414635
616,0.1704127956910012
617,0.1766617164409011
618,0.18221063782791805
619,0.18703757296369938
620,0.19112339573768866
621,0.1944519166018827
622,0.19700994671983627
623,0.19878735022573263
624,0.1997770843864501
625,0.19997522750748747
626,0.19938099447217505
627,0.19799673985259844
628,0.195827948579909
629,0.19288321421098878
630,0.1891742048775849
631,0.18471561705283604
632,0.1795251173183851
633,0.17362327236281844
634,0.16703346748880346
635,0.15978181395183044
636,0.151897045497716
637,0.14341040450882533
638,0.13435551821014488
639,0.12476826542572189
640,0.11468663441343174
641,0.1041505723413858
642,0.09320182700240638
643,0.08188378139376123
644,0.07024128181760797
645,0.05832046018328059
646,0.046168551215524045
647,0.033833705292963805
648,0.021364797658414317
649,0.00881123475700609
650,-0.0037772415305072915
651,-0.016350750983564047
652,-0.02885947268576149
653,-0.04125384243383908
654,-0.053484749129468614
655,-0.06550372937567353
656,-0.07726315950681557
657,-0.08871644429125383
658,-0.09981820155896572
659,-0.11052444202256691
660,-0.12079274357921387
661,-0.13058241940273768
662,-0.13985467915996747
663,-0.14857278271244342
664,-0.15670218569449768
665,-0.164210676390866
666,-0.17106850337147322
667,-0.1772484933776535
668,-0.1827261589926984
669,-0.1874797956701001
670,-0.19149056773503004
671,-0.1947425830182808
672,-0.19722295582694616
673,-0.19892185800232393
674,-0.1998325578627328
675,-0.19995144687693622
676,-0.19927805396248433
677,-0.19781504735231725
678,-0.19556822402223512
679,-0.19254648672112581
680,-0.18876180869496578
681,-0.18422918624437068
682,-0.17896657930368026
683,-0.17299484027702466
684,-0.16633763141335173
685,-0.1590213310478043
686,-0.1510749290809542
687,-0.14252991211004581
688,-0.13342013866739685
689,-0.12378170506031333
690,-0.11365280234410767
691,-0.10307356499494635
692,-0.09208591188214316
693,-0.08073338017002224
694,-0.06906095280749706
695,-0.05711488028891151
696,-0.04494249739239689
697,-0.03259203562189166
698,-0.02011243209600196
699,-0.007553135640954775
700,-5.947907308246446e-239
701,-7.701567177637968e-242
702,-9.579714111862513e-245
703,-1.144681104330494e-247
704,-1.3139383955032392e-250
705,-1.448851978061169e-253
706,-1.5347284963896418e-256
707,-1.5617000371516066e-259
708,-1.5265892815616234e-262
709,-1.4335251661080795e-265
710,-1.2931442078987113e-268
711,-1.1205909760782286e-271
712,-9.328370940421027e-275
713,-7.459728449491905e-278
714,-5.730582301836481e-281
715,-4.2289545189842754e-284
716,-2.9979597607236246e-287
717,-2.0416303297693987e-290
718,-1.3356323913107046e-293
719,-8.393735920132368e-297
720,-5.067364968438895e-300
721,-2.9387834983874493e-303
722,-1.637236902905425e-306
723,-8.7622165461325e-310
724,-4.5047942869e-313
725,-2.2248179e-316
726,-1.0555e-319
727,-5e-323
728,0.0
729,0.0
730,0.0
731,0.0
732,0.0
733,0.0
734,0.0
735,0.0
736,0.0
737,0.0
738,0.0
739,0.0
740,0.0
741,0.0
742,0.0
743,0.0
744,0.0
745,0.0
746,0.0
747,0.0
748,0.0
749,0.0
750,0.0
751,0.0
752,0.0
753,0.0
754,0.0
755,0.0
756,0.0
757,0.0
758,0.0
759,0.0
760,0.0
761,0.0
762,0.0
763,0.0
764,0.0
765,0.0
766,0.0
767,0.0
768,0.0
769,0.0
770,0.0
771,0.0
772,0.0
773,0.0
774,0.0
775,0.0
776,0.0
777,0.0
778,0.0
779,0.0
780,0.0
781,0.0
782,0.0
783,0.0
784,0.0
785,0.0
786,0.0
787,0.0
788,0.0
789,0.0
790,0.0
791,0.0
792,0.0
793,0.0
794,0.0
795,0.0
796,0.0
797,0.0
798,0.0
799,0.0
800,0.0
801,0.0
802,0.0
803,0.0
804,0.0
805,0.0
806,0.0
807,0.0
808,0.0
809,0.0
810,0.0
811,0.0
812,0.0
813,0.0
814,0.0
815,0.0
816,0.0
817,0.0
818,0.0
819,0.0
820,0.0
821,0.0
822,0.0
823,0.0
824,0.0
825,0.0
826,0.0
827,0.0
828,0.0
829,0.0
830,0.0
831,0.0
832,0.0
833,0.0
834,0.0
835,0.0
836,0.0
837,0.0
838,0.0
839,0.0
840,0.0
841,0.0
842,0.0
843,0.0
844,0.0
845,0.0
846,0.0
847,0.0
848,0.0
849,0.0
850,0.0
851,0.0
852,0.0
853,0.0
854,0.0
855,0.0
856,0.0
857,0.0
858,0.0
859,0.0
860,0.0
861,0.0
862,0.0
863,0.0
864,0.0
865,0.0
866,0.0
867,0.0
868,0.0
869,0.0
870,0.0
871,0.0
872,0.0
873,0.0
874,0.0
875,0.0
876,0.0
877,0.0
878,0.0
879,0.0
880,0.0
881,0.0
882,0.0
883,0.0
884,0.0
885,0.0
886,0.0
887,0.0
888,0.0
889,0.0
890,0.0
891,0.0
892,0.0
893,0.0
894,0.0
895,0.0
896,0.0
897,0.0
898,0.0
899,0.0
900,0.0
901,0.0
902,0.0
903,0.0
904,0.0
905,0.0
906,0.0
907,0.0
908,0.0
909,0.0
910,0.0
911,0.0
912,0.0
913,0.0
914,0.0
915,0.0
916,0.0
917,0.0
918,0.0
919,0.0
920,0.0
921,0.0
922,0.0
923,0.0
924,0.0
925,0.0
926,0.0
927,0.0
928,0.0
929,0.0
930,0.0
931,0.0
932,0.0
933,0.0
934,0.0
935,0.0
936,0.0
937,0.0
938,0.0
939,0.0
940,0.0
941,0.0
942,0.0
943,0.0
944,0.0
945,0.0
946,0.0
947,0.0
948,0.0
949,0.0
950,0.0
951,0.0
952,0.0
953,0.0
954,0.0
955,0.0
956,0.0
957,0.0
958,0.0
959,0.0
960,0.0
961,0.0
962,0.0
963,0.0
964,0.0
965,0.0
966,0.0
967,0.0
968,0.0
969,0.0
970,0.0
971,0.0
972,0.0
973,0.0
974,0.0
975,0.0
976,0.0
977,0.0
978,0.0
979,0.0
980,0.0
981,0.0
982,0.0
983,0.0
984,0.0
985,0.0
986,0.0
987,0.0
988,0.0
989,0.0
990,0.0
991,0.0
992,0.0
993,0.0
994,0.0
995,0.0
996,0.0
997,0.0
998,0.0
999,0.0
1000,-0.0016262841890677317
1001,0.009675561659087145
1002,0.020024479868860013
1003,0.028938441833260373
1004,0.03594936081508798
1005,0.04070144758773393
1006,0.04310350307550757
1007,0.04353066432865257
1008,0.04305089438079454
1009,0.043626428676028506
1010,0.04821701489331267
1011,0.06069990715894699
1012,0.08553196697990828
1013,0.127119682474189
1014,0.18893354368253393
1015,0.27249256437378
1016,0.37642912487447616
1017,0.495892139609853
1018,0.6225282427183905
1019,0.7451818531985401
1020,0.8512878316820507
1021,0.92873686376699
1022,0.967835556174147
1023,0.9629207254091847
1024,0.9132533250513963
1025,0.8229994961086868
1026,0.7003470267224564
1027,0.5560236179906712
1028,0.4016061120476821
1029,0.24800322812697212
1030,0.10437539248263825
1031,-0.02241867152052429
1032,-0.12791770868782348
1033,-0.20985649186811006
1034,-0.2678358231378647
1035,-0.3029787044480168
1036,-0.3176127911661677
1037,-0.31496346144416
1038,-0.2988254302572514
1039,-0.27320044687252387
1040,-0.24192409444748356
1041,-0.2083324746263086
1042,-0.17502454961932568
1043,-0.14375688068646247
1044,-0.11547465592931637
1045,-0.09045083107888052
1046,-0.0684855140579145
1047,-0.04911481051493006
1048,-0.031789423817988854
1049,-0.01600140908385994
1050,-0.0026144334456061425
1051,-0.0013990384240544283
1052,-0.0007191740074294024
1053,-0.0003551346672955536
1054,-0.00016846449741354406
1055,-7.676811019679758e-05
1056,-3.360554885529131e-05
1057,-1.4131854301514954e-05
1058,-5.708809166081639e-06
1059,-2.215390238085712e-06
1060,-8.258731767294835e-07
1061,-2.957569373220432e-07
1062,-1.0174545132114574e-07
1063,-3.3624324184429613e-08
1064,-1.0674576038056476e-08
1065,-3.2554139597131965e-09
1066,-9.537187628562614e-10
1067,-2.68406453208483e-10
1068,-7.256448247049162e-11
1069,-1.8845765140860033e-11
1070,-4.70177638895998e-12
1071,-1.1268566994833599e-12
1072,-2.5943820785251736e-13
1073,-5.73796248768331e-14
1074,-1.2191018721629388e-14
1075,-2.488174393115715e-15
1076,-4.878430911256964e-16
1077,-9.188360497220387e-17
1078,-1.66247229963776e-17
1079,-2.8895441469142514e-18
1080,-4.824616246725436e-19
1081,-7.738463534949951e-20
1082,-1.192354048204506e-20
1083,-1.7648761945656367e-21
1084,-2.5094687071346562e-22
1085,-3.4277398086505534e-23
1086,-4.497720219728904e-24
1087,-5.669379770194619e-25
1088,-6.86494697837613e-26
1089,-7.985412393623084e-27
1090,-8.92310567414504e-28
1091,-9.578406134084568e-29
1092,-9.877089374467598e-30
1093,-9.784153196785e-31
1094,-9.310564846444059e-32
1095,-8.511132252148541e-33
1096,-7.474070210697452e-34
1097,-6.305006405766014e-35
1098,-5.109429552906459e-36
1099,-3.977569929411159e-37
1100,0.0025182441996911193
1101,0.015095494805162894
1102,0.02761293145117078
1103,0.04002095540260875
1104,0.052270401458121174
1105,0.06431273276089908
1106,0.07610023311974154
1107,0.08758619607833534
1108,0.09872510998358949
1109,0.10947283831971553
1110,0.1197867945935035
1111,0.12962611107783104
1112,0.13895180074478397
1113,0.14772691174674743
1114,0.15591667383335625
1115,0.16348863612414635
1116,0.1704127956910012
1117,0.1766617164409011
1118,0.18221063782791805
1119,0.18703757296369938
1120,0.19112339573768866
1121,0.1944519166018827
1122,0.19700994671983627
1123,0.19878735022573263
1124,0.1997770843864501
1125,0.19997522750748747
1126,0.19938099447217505
1127,0.19799673985259844
1128,0.195827948579909
1129,0.19288321421098878
1130,0.1891742048775849
1131,0.18471561705283604
1132,0.1795251173183851
1133,0.17362327236281844
1134,0.16703346748880346
1135,0.15978181395183044
1136,0.151897045497716
1137,0.14341040450882533
1138,0.13435551821014488
1139,0.12476826542572189
1140,0.11468663441343174
1141,0.1041505723413858
1142,0.09320182700240638
1143,0.08188378139376123
1144,0.07024128181760797
1145,0.05832046018328059
1146,0.046168551215524045
1147,0.033833705292963805
1148,0.021364797658414317
1149,0.00881123475700609
1150,-0.0037772415305072915
1151,-0.016350750983564047
1152,-0.02885947268576149
1153,-0.04125384243383908
1154,-0.053484749129468614
1155,-0.06550372937567353
1156,-0.07726315950681557
1157,-0.08871644429125383
1158,-0.09981820155896572
1159,-0.11052444202256691
1160,-0.12079274357921387
1161,-0.13058241940273768
1162,-0.13985467915996747
1163,-0.14857278271244342
1164,-0.15670218569449768
1165,-0.164210676390866
1166,-0.17106850337147322
1167,-0.1772484933776535
1168,-0.1827261589926984
1169,-0.1874797956701001
1170,-0.19149056773503004
1171,-0.1947425830182808
1172,-0.19722295582694616
1173,-0.19892185800232393
1174,-0.1998325578627328
1175,-0.19995144687693622
1176,-0.19927805396248433
1177,-0.19781504735231725
1178,-0.19556822402223512
1179,-0.19254648672112581
1180,-0.18876180869496578
1181,-0.18422918624437068
1182,-0.17896657930368026
1183,-0.17299484027702466
1184,-0.16633763141335173
1185,-0.1590213310478043
1186,-0.1510749290809542
1187,-0.14252991211004581
1188,-0.13342013866739685
1189,-0.12378170506031333
1190,-0.11365280234410767
1191,-0.10307356499494635
1192,-0.09208591188214316
1193,-0.08073338017002224
1194,-0.06906095280749706
1195,-0.05711488028891151
1196,-0.04494249739239689
1197,-0.03259203562189166
1198,-0.02011243209600196
1199,-0.007553135640954775
1200,-5.947907308246446e-239
1201,-7.701567177637968e-242
1202,-9.579714111862513e-245
1203,-1.144681104330494e-247
1204,-1.3139383955032392e-250
1205,-1.448851978061169e-253
1206,-1.5347284963896418e-256
1207,-1.5617000371516066e-259
1208,-1.5265892815616234e-262
1209,-1.4335251661080795e-265
1210,-1.2931442078987113e-268
1211,-1.1205909760782286e-271
1212,-9.328370940421027e-275
1213,-7.459728449491905e-278
1214,-5.730582301836481e-281
1215,-4.2289545189842754e-284
1216,-2.9979597607236246e-287
1217,-2.0416303297693987e-290
1218,-1.3356323913107046e-293
1219,-8.393735920132368e-297
1220,-5.067364968438895e-300
1221,-2.9387834983874493e-303
1222,-1.637236902905425e-306
1223,-8.7622165461325e-310
1224,-4.5047942869e-313
1225,-2.2248179e-316
1226,-1.0555e-319
1227,-5e-323
1228,0.0
1229,0.0
1230,0.0
1231,0.0
1232,0.0
1233,0.0
1234,0.0
1235,0.0
1236,0.0
1237,0.0
1238,0.0
1239,0.0
1240,0.0
1241,0.0
1242,0.0
1243,0.0
1244,0.0
1245,0.0
1246,0.0
1247,0.0
1248,0.0
1249,0.0
1250,0.0
1251,0.0
1252,0.0
1253,0.0
1254,0.0
1255,0.0
1256,0.0
1257,0.0
1258,0.0
1259,0.0
1260,0.0
1261,0.0
1262,0.0
1263,0.0
1264,0.0
1265,0.0
1266,0.0
1267,0.0
1268,0.0
1269,0.0
1270,0.0
1271,0.0
1272,0.0
1273,0.0
1274,0.0
1275,0.0
1276,0.0
1277,0.0
1278,0.0
1279,0.0
1280,0.0
1281,0.0
1282,0.0
1283,0.0
1284,0.0
1285,0.0
1286,0.0
1287,0.0
1288,0.0
1289,0.0
1290,0.0
1291,0.0
1292,0.0
1293,0.0
1294,0.0
1295,0.0
1296,0.0
1297,0.0
1298,0.0
1299,0.0
1300,0.0
1301,0.0
1302,0.0
1303,0.0
1304,0.0
1305,0.0
1306,0.0
1307,0.0
1308,0.0
1309,0.0
1310,0.0
1311,0.0
1312,0.0
1313,0.0
1314,0.0
1315,0.0
1316,0.0
1317,0.0
1318,0.0
1319,0.0
1320,0.0
1321,0.0
1322,0.0
1323,0.0
1324,0.0
1325,0.0
1326,0.0
1327,0.0
1328,0.0
1329,0.0
1330,0.0
1331,0.0
1332,0.0
1333,0.0
1334,0.0
1335,0.0
1336,0.0
1337,0.0
1338,0.0
1339,0.0
1340,0.0
1341,0.0
1342,0.0
1343,0.0
1344,0.0
1345,0.0
1346,0.0
1347,0.0
1348,0.0
1349,0.0
1350,0.0
1351,0.0
1352,0.0
1353,0.0
1354,0.0
1355,0.0
1356,0.0
1357,0.0
1358,0.0
1359,0.0
1360,0.0
1361,0.0
1362,0.0
1363,0.0
1364,0.0
1365,0.0
1366,0.0
1367,0.0
1368,0.0
1369,0.0
1370,0.0
1371,0.0
1372,0.0
1373,0.0
1374,0.0
1375,0.0
1376,0.0
1377,0.0
1378,0.0
1379,0.0
1380,0.0
1381,0.0
1382,0.0
1383,0.0
1384,0.0
1385,0.0
1386,0.0
1387,0.0
1388,0.0
1389,0.0
1390,0.0
1391,0.0
1392,0.0
1393,0.0
1394,0.0
1395,0.0
1396,0.0
1397,0.0
1398,0.0
1399,0.0
1400,0.0
1401,0.0
1402,0.0
1403,0.0
1404,0.0
1405,0.0
1406,0.0
1407,0.0
1408,0.0
1409,0.0
1410,0.0
1411,0.0
1412,0.0
1413,0.0
1414,0.0
1415,0.0
1416,0.0
1417,0.0
1418,0.0
1419,0.0
1420,0.0
1421,0.0
1422,0.0
1423,0.0
1424,0.0
1425,0.0
1426,0.0
1427,0.0
1428,0.0
1429,0.0
1430,0.0
1431,0.0
1432,0.0
1433,0.0
1434,0.0
1435,0.0
1436,0.0
1437,0.0
1438,0.0
1439,0.0
1440,0.0
1441,0.0
1442,0.0
1443,0.0
1444,0.0
1445,0.0
1446,0.0
1447,0.0
1448,0.0
1449,0.0
1450,0.0
1451,0.0
1452,0.0
1453,0.0
1454,0.0
1455,0.0
1456,0.0
1457,0.0
1458,0.0
1459,0.0
1460,0.0
1461,0.0
1462,0.0
1463,0.0
1464,0.0
1465,0.0
1466,0.0
1467,0.0
1468,0.0
1469,0.0
1470,0.0
1471,0.0
1472,0.0
1473,0.0
1474,0.0
1475,0.0
1476,0.0
1477,0.0
1478,0.0
1479,0.0
1480,0.0
1481,0.0
1482,0.0
1483,0.0
1484,0.0
1485,0.0
1486,0.0
1487,0.0
1488,0.0
1489,0.0
1490,0.0
1491,0.0
1492,0.0
1493,0.0
1494,0.0
1495,0.0
1496,0.0
1497,0.0
1498,0.0
1499,0.0
1500,-0.0016262841890677317
1501,0.009675561659087145
1502,0.020024479868860013
1503,0.028938441833260373
1504,0.03594936081508798
1505,0.04070144758773393
1506,0.04310350307550757
1507,0.04353066432865257
1508,0.04305089438079454
1509,0.043626428676028506
1510,0.04821701489331267
1511,0.06069990715894699
1512,0.08553196697990828
1513,0.127119682474189
1514,0.18893354368253393
1515,0.27249256437378
1516,0.37642912487447616
1517,0.495892139609853
1518,0.6225282427183905
1519,0.7451818531985401
1520,0.8512878316820507
1521,0.92873686376699
1522,0.967835556174147
1523,0.9629207254091847
1524,0.9132533250513963
1525,0.8229994961086868
1526,0.7003470267224564
1527,0.5560236179906712
1528,0.4016061120476821
1529,0.24800322812697212
1530,0.10437539248263825
1531,-0.02241867152052429
1532,-0.12791770868782348
1533,-0.20985649186811006
1534,-0.2678358231378647
1535,-0.3029787044480168
1536,-0.3176127911661677
1537,-0.31496346144416
1538,-0.2988254302572514
1539,-0.27320044687252387
1540,-0.24192409444748356
1541,-0.2083324746263086
1542,-0.17502454961932568
1543,-0.14375688068646247
1544,-0.11547465592931637
1545,-0.09045083107888052
1546,-0.0684855140579145
1547,-0.04911481051493006
1548,-0.031789423817988854
1549,-0.01600140908385994
1550,-0.0026144334456061425
1551,-0.0013990384240544283
1552,-0.0007191740074294024
1553,-0.0003551346672955536
1554,-0.00016846449741354406
1555,-7.676811019679758e-05
1556,-3.360554885529131e-05
1557,-1.4131854301514954e-05
1558,-5.708809166081639e-06
1559,-2.215390238085712e-06
1560,-8.258731767294835e-07
1561,-2.957569373220432e-07
1562,-1.0174545132114574e-07
1563,-3.3624324184429613e-08
1564,-1.0674576038056476e-08
1565,-3.2554139597131965e-09
1566,-9.537187628562614e-10
1567,-2.68406453208483e-10
1568,-7.256448247049162e-11
1569,-1.8845765140860033e-11
1570,-4.70177638895998e-12
1571,-1.1268566994833599e-12
1572,-2.5943820785251736e-13
1573,-5.73796248768331e-14
1574,-1.2191018721629388e-14
1575,-2.488174393115715e-15
1576,-4.878430911256964e-16
1577,-9.188360497220387e-17
1578,-1.66247229963776e-17
1579,-2.8895441469142514e-18
1580,-4.824616246725436e-19
1581,-7.738463534949951e-20
1582,-1.192354048204506e-20
1583,-1.7648761945656367e-21
1584,-2.5094687071346562e-22
1585,-3.4277398086505534e-23
1586,-4.497720219728904e-24
1587,-5.669379770194619e-25
1588,-6.86494697837613e-26
1589,-7.985412393623084e-27
1590,-8.92310567414504e-28
1591,-9.578406134084568e-29
1592,-9.877089374467598e-30
1593,-9.784153196785e-31
1594,-9.310564846444059e-32
1595,-8.511132252148541e-33
1596,-7.474070210697452e-34
1597,-6.305006405766014e-35
1598,-5.109429552906459e-36
1599,-3.977569929411159e-37
1600,0.0025182441996911193
1601,0.015095494805162894
1602,0.02761293145117078
1603,0.04002095540260875
1604,0.052270401458121174
1605,0.06431273276089908
1606,0.07610023311974154
1607,0.08758619607833534
1608,0.09872510998358949
1609,0.10947283831971553
1610,0.1197867945935035
1611,0.12962611107783104
1612,0.13895180074478397
1613,0.14772691174674743
1614,0.15591667383335625
1615,0.16348863612414635
1616,0.1704127956910012
1617,0.1766617164409011
1618,0.18221063782791805
1619,0.18703757296369938
1620,0.19112339573768866
1621,0.1944519166018827
1622,0.19700994671983627
1623,0.19878735022573263
1624,0.1997770843864501
1625,0.19997522750748747
1626,0.19938099447217505
1627,0.19799673985259844
1628,0.195827948579909
1629,0.19288321421098878
1630,0.1891742048775849
1631,0.18471561705283604
1632,0.1795251173183851
1633,0.17362327236281844
1634,0.16703346748880346
1635,0.15978181395183044
1636,0.151897045497716
1637,0.14341040450882533
1638,0.13435551821014488
1639,0.12476826542572189
1640,0.11468663441343174
1641,0.1041505723413858
1642,0.09320182700240638
1643,0.08188378139376123
1644,0.07024128181760797
1645,0.05832046018328059
1646,0.046168551215524045
1647,0.033833705292963805
1648,0.021364797658414317
1649,0.00881123475700609
1650,-0.0037772415305072915
1651,-0.016350750983564047
1652,-0.02885947268576149
1653,-0.04125384243383908
1654,-0.053484749129468614
1655,-0.06550372937567353
1656,-0.07726315950681557
1657,-0.08871644429125383
1658,-0.09981820155896572
1659,-0.11052444202256691
1660,-0.12079274357921387
1661,-0.13058241940273768
1662,-0.13985467915996747
1663,-0.14857278271244342
1664,-0.15670218569449768
1665,-0.164210676390866
1666,-0.17106850337147322
1667,-0.1772484933776535
1668,-0.1827261589926984
1669,-0.1874797956701001
1670,-0.19149056773503004
1671,-0.1947425830182808
1672,-0.19722295582694616
1673,-0.19892185800232393
1674,-0.1998325578627328
1675,-0.19995144687693622
1676,-0.19927805396248433
1677,-0.19781504735231725
1678,-0.19556822402223512
1679,-0.19254648672112581
1680,-0.18876180869496578
1681,-0.18422918624437068
1682,-0.17896657930368026
1683,-0.17299484027702466
1684,-0.16633763141335173
1685,-0.1590213310478043
1686,-0.1510749290809542
1687,-0.14252991211004581
1688,-0.13342013866739685
1689,-0.12378170506031333
1690,-0.11365280234410767
1691,-0.10307356499494635
1692,-0.09208591188214316
1693,-0.08073338017002224
1694,-0.06906095280749706
1695,-0.05711488028891151
1696,-0.04494249739239689
1697,-0.03259203562189166
1698,-0.02011243209600196
1699,-0.007553135640954775
1700,-5.947907308246446e-239
1701,-7.701567177637968e-242
1702,-9.579714111862513e-245
1703,-1.144681104330494e-247
1704,-1.3139383955032392e-250
1705,-1.448851978061169e-253
1706,-1.5347284963896418e-256
1707,-1.5617000371516066e-259
1708,-1.5265892815616234e-262
1709,-1.4335251661080795e-265
1710,-1.2931442078987113e-268
1711,-1.1205909760782286e-271
1712,-9.328370940421027e-275
1713,-7.459728449491905e-278
1714,-5.730582301836481e-281
1715,-4.2289545189842754e-284
1716,-2.9979597607236246e-287
1717,-2.0416303297693987e-290
1718,-1.3356323913107046e-293
1719,-8.393735920132368e-297
1720,-5.067364968438895e-300
1721,-2.9387834983874493e-303
1722,-1.637236902905425e-306
1723,-8.7622165461325e-310
1724,-4.5047942869e-313
1725,-2.2248179e-316
1726,-1.0555e-319
1727,-5e-323
1728,0.0
1729,0.0
1730,0.0
1731,0.0
1732,0.0
1733,0.0
1734,0.0
1735,0.0
1736,0.0
1737,0.0
1738,0.0
1739,0.0
1740,0.0
1741,0.0
1742,0.0
1743,0.0
1744,0.0
1745,0.0
1746,0.0
1747,0.0
1748,0.0
1749,0.0
1750,0.0
1751,0.0
1752,0.0
1753,0.0
1754,0.0
1755,0.0
1756,0.0
1757,0.0
1758,0.0
1759,0.0
1760,0.0
1761,0.0
1762,0.0
1763,0.0
1764,0.0
1765,0.0
1766,0.0
1767,0.0
1768,0.0
1769,0.0
1770,0.0
1771,0.0
1772,0.0
1773,0.0
1774,0.0
1775,0.0
1776,0.0
1777,0.0
1778,0.0
1779,0.0
1780,0.0
1781,0.0
1782,0.0
1783,0.0
1784,0.0
1785,0.0
1786,0.0
1787,0.0
1788,0.0
1789,0.0
1790,0.0
1791,0.0
1792,0.0
1793,0.0
1794,0.0
1795,0.0
1796,0.0
1797,0.0
1798,0.0
1799,0.0
1800,0.0
1801,0.0
1802,0.0
1803,0.0
1804,0.0
1805,0.0
1806,0.0
1807,0.0
1808,0.0
1809,0.0
1810,0.0
1811,0.0
1812,0.0
1813,0.0
1814,0.0
1815,0.0
1816,0.0
1817,0.0
1818,0.0
1819,0.0
1820,0.0
1821,0.0
1822,0.0
1823,0.0
1824,0.0
1825,0.0
1826,0.0
1827,0.0
1828,0.0
1829,0.0
1830,0.0
1831,0.0
1832,0.0
1833,0.0
1834,0.0
1835,0.0
1836,0.0
1837,0.0
1838,0.0
1839,0.0
1840,0.0
1841,0.0
1842,0.0
1843,0.0
1844,0.0
1845,0.0
1846,0.0
1847,0.0
1848,0.0
1849,0.0
1850,0.0
1851,0.0
1852,0.0
1853,0.0
1854,0.0
1855,0.0
1856,0.0
1857,0.0
1858,0.0
1859,0.0
1860,0.0
1861,0.0
1862,0.0
1863,0.0
1864,0.0
1865,0.0
1866,0.0
1867,0.0
1868,0.0
1869,0.0
1870,0.0
1871,0.0
1872,0.0
1873,0.0
1874,0.0
1875,0.0
1876,0.0
1877,0.0
1878,0.0
1879,0.0
1880,0.0
1881,0.0
1882,0.0
1883,0.0
1884,0.0
1885,0.0
1886,0.0
1887,0.0
1888,0.0
1889,0.0
1890,0.0
1891,0.0
1892,0.0
1893,0.0
1894,0.0
1895,0.0
1896,0.0
1897,0.0
1898,0.0
1899,0.0
1900,0.0
1901,0.0
1902,0.0
1903,0.0
1904,0.0
1905,0.0
1906,0.0
1907,0.0
1908,0.0
1909,0.0
1910,0.0
1911,0.0
1912,0.0
1913,0.0
1914,0.0
1915,0.0
1916,0.0
1917,0.0
1918,0.0
1919,0.0
1920,0.0
1921,0.0
1922,0.0
1923,0.0
1924,0.0
1925,0.0
1926,0.0
1927,0.0
1928,0.0
1929,0.0
1930,0.0
1931,0.0
1932,0.0
1933,0.0
1934,0.0
1935,0.0
1936,0.0
1937,0.0
1938,0.0
1939,0.0
1940,0.0
1941,0.0
1942,0.0
1943,0.0
1944,0.0
1945,0.0
1946,0.0
1947,0.0
1948,0.0
1949,0.0
1950,0.0
1951,0.0
1952,0.0
1953,0.0
1954,0.0
1955,0.0
1956,0.0
1957,0.0
1958,0.0
1959,0.0
1960,0.0
1961,0.0
1962,0.0
1963,0.0
1964,0.0
1965,0.0
1966,0.0
1967,0.0
1968,0.0
1969,0.0
1970,0.0
1971,0.0
1972,0.0
1973,0.0
1974,0.0
1975,0.0
1976,0.0
1977,0.0
1978,0.0
1979,0.0
1980,0.0
1981,0.0
1982,0.0
1983,0.0
1984,0.0
1985,0.0
1986,0.0
1987,0.0
1988,0.0
1989,0.0
1990,0.0
1991,0.0
1992,0.0
1993,0.0
1994,0.0
1995,0.0
1996,0.0
1997,0.0
1998,0.0
1999,0.0
